"thesauri/place/Gloucester, Massachusetts, United States"
"thesauri/place/St. Petersburg, Russia"
"thesauri/place/Philadelphia, Pennsylvania, United States"
"thesauri/place/London, England"
"thesauri/place/Springfield, Ohio, United States"
"thesauri/place/Monson, Maine, United States"
"thesauri/place/New York, New York, United States"
"thesauri/place/Southampton, New York, United States"
"thesauri/place/Showhegan, Maine, United States"
"thesauri/place/New Hampshire, United States"
"thesauri/place/New York, New York, United States"
"thesauri/place/New York, New York, United States"
"thesauri/place/Austin, Texas, United States"
"thesauri/place/Chicago, Illinois, United States"
"thesauri/place/Wayland, New York, United States"
"thesauri/place/Riga, Russia"
"thesauri/place/East Meadow, New York, United States"
"thesauri/place/New York, New York, United States"
"thesauri/place/Guatemala City, Guatemala"
"thesauri/place/Mulhouse, France"
"thesauri/place/Paris, France"
"thesauri/place/Chicago, Illinois, United States"
"thesauri/place/Charlevoix, Michigan, United States"
"thesauri/place/Washington, District of Columbia, United States"
"thesauri/place/Lima, Peru"
"thesauri/place/New York, New York, United States"
"thesauri/place/Washington, District of Columbia, United States"
"thesauri/place/Honolulu, Hawaii, United States"
"thesauri/place/New York, New York, United States"
"thesauri/place/Utuado, Puerto Rico"
"thesauri/place/Carmel, California, United States"
"thesauri/place/San Francisco, California, United States"
"thesauri/place/Monterey, California, United States"
"thesauri/place/Webster City, Iowa, United States"
"thesauri/place/Albuquerque, New Mexico, United States"
"thesauri/place/Glendale, California, United States"
"thesauri/place/Paris, France"
"thesauri/place/Concord, Vermont, United States"
"thesauri/place/New York, New York, United States"
"thesauri/place/Taos, New Mexico, United States"
"thesauri/place/Topeka, Kansas, United States"
"thesauri/place/Albuquerque, New Mexico, United States"
"thesauri/place/Kentucky, United States"
"thesauri/place/New York, United States"
"thesauri/place/Kawehnoke, Ontario, Canada"
"thesauri/place/Colorado, United States"
"thesauri/place/Orange, New Jersey, United States"
"thesauri/place/Hazard, Kentucky, United States"
"thesauri/place/Woodbury, New Jersey, United States"
"thesauri/place/New York, New York, United States"
"thesauri/place/Luxeuil, France"
"thesauri/place/New York, New York, United States"
"thesauri/place/New York, New York, United States"
"thesauri/place/London, England"
"thesauri/place/England"
"thesauri/place/England"
"thesauri/place/Sparta, New York, United States"
"thesauri/place/Washington, District of Columbia, United States"
"thesauri/place/New York, New York, United States"
"thesauri/place/New York, New York, United States"
"thesauri/place/New York, New York, United States"
"thesauri/place/Paris, France"
"thesauri/place/Chamonix, France"
"thesauri/place/Quincy, Illinois, United States"
"thesauri/place/Tryon, North Carolina, United States"
"thesauri/place/France"
"thesauri/place/Chicago, Illinois, United States"
"thesauri/place/San Francisco, California, United States"
"thesauri/place/New York, New York, United States"
"thesauri/place/Bethel, Connecticut, United States"
"thesauri/place/Altoona, Pennsylvania, United States"
"thesauri/place/Bethel, Pennsylvania, United States"
"thesauri/place/Newburyport, Massachusetts, United States"
"thesauri/place/Philadelphia, Pennsylvania, United States"
"thesauri/place/Scituate, Rhode Island, United States"
"thesauri/place/Black Mountain, North Carolina, United States"
"thesauri/place/Berlin, Germany"
"thesauri/place/Orange, Connecticut, United States"
"thesauri/place/Black Mountain, North Carolina, United States"
"thesauri/place/Bottrop, Germany"
"thesauri/place/New Haven, Connecticut, United States"
"thesauri/place/Tampico, Mexico"
"thesauri/place/Mexico City, Mexico"
"thesauri/place/Pinoso, Spain"
"thesauri/place/Schloss Rosenau, Germany"
"thesauri/place/Windsor, England"
"thesauri/place/Minneapolis, Minnesota, United States"
"thesauri/place/Mexico"
"thesauri/place/Rhode Island, United States"
"thesauri/place/Orby, Sweden"
"thesauri/place/North Harvey, Illinois, United States"
"thesauri/place/Woodstock, Vermont, United States"
"thesauri/place/Paris, France"
"thesauri/place/London, England"
"thesauri/place/Dresden, Germany"
"thesauri/place/New York, New York, United States"
"thesauri/place/Paris, France"
"thesauri/place/Allegheny, Pennsylvania, United States"
"thesauri/place/New York, New York, United States"
"thesauri/place/Berkeley, California, United States"
"thesauri/place/North Attleboro, Massachusetts, United States"
"thesauri/place/North Haven, Maine, United States"
"thesauri/place/Birmingham, England"
"thesauri/place/London, England"
"thesauri/place/Louisiana, Missouri, United States"
"thesauri/place/Larchmont, New York, United States"
"thesauri/place/Summit, New Jersey, United States"
"thesauri/place/New York, New York, United States"
"thesauri/place/Iowa City, Iowa, United States"
"thesauri/place/Muscatine, Iowa, United States"
"thesauri/place/New York, New York, United States"
"thesauri/place/Truro, Massachusetts, United States"
"thesauri/place/Dessau, Germany"
"thesauri/place/Washington, District of Columbia, United States"
"thesauri/place/Mijdrecht, Netherlands"
"thesauri/place/Utrecht, Netherlands"
"thesauri/place/Brookline, Massachusetts, United States"
"thesauri/place/New York, New York, United States"
"thesauri/place/Chillán, Chile"
"thesauri/place/State College, Pennsylvania, United States"
"thesauri/place/Black Mountain, North Carolina, United States"
"thesauri/place/New York, New York, United States"
"thesauri/place/Los Angeles, California, United States"
"thesauri/place/Los Angeles, California, United States"
"thesauri/place/Naples, Italy"
"thesauri/place/Vico, Italy"
"thesauri/place/California, United States"
"thesauri/place/Richmond, Virginia, United States"
"thesauri/place/Chevry-Cossigny, France"
"thesauri/place/Paris, France"
"thesauri/place/Kodiak, Alaska, United States"
"thesauri/place/Brewster, New York, United States"
"thesauri/place/New York, New York, United States"
"thesauri/place/Clermont, Florida, United States"
"thesauri/place/Rome, Italy"
"thesauri/place/Boca Raton, Florida, United States"
"thesauri/place/New York, New York, United States"
"thesauri/place/Tamaroa, Illinois, United States"
"thesauri/place/Los Angeles, California, United States"
"thesauri/place/New York, New York, United States"
"thesauri/place/Canarsie, New York, United States"
"thesauri/place/Framingham, Massachusetts, United States"
"thesauri/place/Albany, New York, United States"
"thesauri/place/New York, New York, United States"
"thesauri/place/Taiwan"
"thesauri/place/New York, New York, United States"
"thesauri/place/New York, New York, United States"
"thesauri/place/Atlanta, Georgia, United States"
"thesauri/place/New York, New York, United States"
"thesauri/place/Chicago, Illinois, United States"
"thesauri/place/New York, New York, United States"
"thesauri/place/Jersey City, New Jersey, United States"
"thesauri/place/Chicago, Illinois, United States"
"thesauri/place/Elgin, Illinois, United States"
"thesauri/place/New York, New York, United States"
"thesauri/place/Midvale, Utah, United States"
"thesauri/place/Salt Lake City, Utah, United States"
"thesauri/place/Edmonds, Washington, United States"
"thesauri/place/Palo Alto, California, United States"
"thesauri/place/Mill Valley, California, United States"
"thesauri/place/Oxford, Ohio, United States"
"thesauri/place/Westport, Connecticut, United States"
"thesauri/place/Hawaii, United States"
"thesauri/place/San Jose, California, United States"
"thesauri/place/London, England"
"thesauri/place/Bristol, England"
"thesauri/place/Towersey, England"
"thesauri/place/New Orleans, Louisiana, United States"
"thesauri/place/Ocean Springs, Mississippi, United States"
"thesauri/place/New York, New York, United States"
"thesauri/place/Madison, Georgia, United States"
"thesauri/place/Steubenville, Ohio, United States"
"thesauri/place/Washington, District of Columbia, United States"
"thesauri/place/Washington, District of Columbia, United States"
"thesauri/place/Hingham, Massachusetts, United States"
"thesauri/place/Boston, Massachusetts, United States"
"thesauri/place/London, England"
"thesauri/place/Saskatoon, Saskatchewan, Canada"
"thesauri/place/Dobbs Ferry, New York, United States"
"thesauri/place/Plymouth, Wisconsin, United States"
"thesauri/place/Rockport, Massachusetts, United States"
"thesauri/place/Chicago, Illinois, United States"
"thesauri/place/New York, New York, United States"
"thesauri/place/Kalvaria, Russia"
"thesauri/place/Chatham, New Jersey, United States"
"thesauri/place/Pontremoli, Italy"
"thesauri/place/New York, United States"
"thesauri/place/Chicago, Illinois, United States"
"thesauri/place/New York, New York, United States"
"thesauri/place/Bieltsy, Russia"
"thesauri/place/Waterford, Connecticut, United States"
"thesauri/place/Philadelphia, Pennsylvania, United States"
"thesauri/place/Newport, Kentucky, United States"
"thesauri/place/Fort Washington, Pennsylvania, United States"
"thesauri/place/New York, New York, United States"
"thesauri/place/Fort Monmouth, New Jersey, United States"
"thesauri/place/New York, New York, United States"
"thesauri/place/Hagios Nikolaos, Greece"
"thesauri/place/Lake Valley, New Mexico, United States"
"thesauri/place/Albuquerque, New Mexico, United States"
"thesauri/place/Indianapolis, Indiana, United States"
"thesauri/place/Englewood, New Jersey, United States"
"thesauri/place/Erie, Pennsylvania, United States"
"thesauri/place/Altadena, California, United States"
"thesauri/place/Tucson, Arizona, United States"
"thesauri/place/New York, New York, United States"
"thesauri/place/Paris, France"
"thesauri/place/Amsterdam, Netherlands"
"thesauri/place/Woodstock, New York, United States"
"thesauri/place/New York, New York, United States"
"thesauri/place/England"
"thesauri/place/Rome, Italy"
"thesauri/place/Marsala, Italy"
"thesauri/place/Alcamo, Italy"
"thesauri/place/New York, New York, United States"
"thesauri/place/Nagoya, Japan"
"thesauri/place/Washington, District of Columbia, United States"
"thesauri/place/Managua, Nicaragua"
"thesauri/place/New York, New York, United States"
"thesauri/place/New York, New York, United States"
"thesauri/place/Philadelphia, Pennsylvania, United States"
"thesauri/place/Philadelphia, Pennsylvania, United States"
"thesauri/place/Annandale, New Jersey, United States"
"thesauri/place/Woodstock, New York, United States"
"thesauri/place/Kiev, Russia"
"thesauri/place/New York, New York, United States"
"thesauri/place/Santa Cruz, New Mexico, United States"
"thesauri/place/Tesuque, New Mexico, United States"
"thesauri/place/Mexico City, Mexico"
"thesauri/place/Flagstaff, Arizona, United States"
"thesauri/place/Detroit, Michigan, United States"
"thesauri/place/New York, New York, United States"
"thesauri/place/Jamestown, New York, United States"
"thesauri/place/San Francisco, California, United States"
"thesauri/place/Radautz, Austria-Hungary"
"thesauri/place/Chicago, Illinois, United States"
"thesauri/place/Fairfield, Connecticut, United States"
"thesauri/place/Washington, District of Columbia, United States"
"thesauri/place/New York, New York, United States"
"thesauri/place/Mount Laurel, New Jersey, United States"
"thesauri/place/Henderson, Texas, United States"
"thesauri/place/London, England"
"thesauri/place/Paris, France"
"thesauri/place/La Valette, France"
"thesauri/place/Benicia, California, United States"
"thesauri/place/Benicia, California, United States"
"thesauri/place/New York, New York, United States"
"thesauri/place/Minneapolis, Minnesota, United States"
"thesauri/place/Denver, Colorado, United States"
"thesauri/place/Texas, United States"
"thesauri/place/Germania, Texas, United States"
"thesauri/place/McGregor, Texas, United States"
"thesauri/place/Woodstock, New York, United States"
"thesauri/place/Croton Falls, New York, United States"
"thesauri/place/New York, New York, United States"
"thesauri/place/Annandale, Virginia, United States"
"thesauri/place/Jacksonville, Alabama, United States"
"thesauri/place/Alabama, United States"
"thesauri/place/Boston, Massachusetts, United States"
"thesauri/place/Sudbury, Massachusetts, United States"
"thesauri/place/Shilova, Lithuania"
"thesauri/place/England"
"thesauri/place/Rego Park, New York, United States"
"thesauri/place/Dresden, Germany"
"thesauri/place/New Mexico, United States"
"thesauri/place/Carnegie, Oklahoma, United States"
"thesauri/place/Norman, Oklahoma, United States"
"thesauri/place/New York, New York, United States"
"thesauri/place/Washington, District of Columbia, United States"
"thesauri/place/Delaplane, Virginia, United States"
"thesauri/place/Delaplane, Virginia, United States"
"thesauri/place/Washington, District of Columbia, United States"
"thesauri/place/Wolfsburg, Germany"
"thesauri/place/Chevy Chase, Maryland, United States"
"thesauri/place/Philadelphia, Pennsylvania, United States"
"thesauri/place/London, England"
"thesauri/place/Washington, District of Columbia, United States"
"thesauri/place/Washington, District of Columbia, United States"
"thesauri/place/New York, New York, United States"
"thesauri/place/Brainerd, Minnesota, United States"
"thesauri/place/New Brunswick, Canada"
"thesauri/place/New York, New York, United States"
"thesauri/place/Pennsauken, New Jersey, United States"
"thesauri/place/Guadalajara, Mexico"
"thesauri/place/Bartonsville, Vermont, United States"
"thesauri/place/Orange, New Jersey, United States"
"thesauri/place/New York, New York, United States"
"thesauri/place/Paris, France"
"thesauri/place/Varangeville, France"
"thesauri/place/Carnegie, Oklahoma, United States"
"thesauri/place/Medicine Park, Oklahoma, United States"
"thesauri/place/London, England"
"thesauri/place/London, England"
"thesauri/place/Lyons, France"
"thesauri/place/Ouzouer, France"
"thesauri/place/France"
"thesauri/place/England"
"thesauri/place/Les Cayes, Haiti"
"thesauri/place/New York, New York, United States"
"thesauri/place/New York, New York, United States"
"thesauri/place/Brest-Litovsk, Russia"
"thesauri/place/Ossining, New York, United States"
"thesauri/place/Hillside, New Jersey, United States"
"thesauri/place/New York, New York, United States"
"thesauri/place/Cleveland, Ohio, United States"
"thesauri/place/Woodstock, New York, United States"
"thesauri/place/Missoula, Montana, United States"
"thesauri/place/Butte, Montana, United States"
"thesauri/place/Paris, France"
"thesauri/place/Monaco"
"thesauri/place/Hudson, New York, United States"
"thesauri/place/Lowell, Massachusetts, United States"
"thesauri/place/Sand Bank, New York, United States"
"thesauri/place/New York, New York, United States"
"thesauri/place/Pittsburgh, Pennsylvania, United States"
"thesauri/place/Tulchin, Russia"
"thesauri/place/New York, New York, United States"
"thesauri/place/Paris, France"
"thesauri/place/Paris, France"
"thesauri/place/Marseille, France"
"thesauri/place/Santa Fe, New Mexico, United States"
"thesauri/place/San Ildefonso Pueblo, New Mexico, United States"
"thesauri/place/San Ildefonso Pueblo, New Mexico, United States"
"thesauri/place/Washington, District of Columbia, United States"
"thesauri/place/Argentina"
"thesauri/place/Bethesda, Maryland, United States"
"thesauri/place/La Paz, Bolivia"
"thesauri/place/New York, New York, United States"
"thesauri/place/Kii-Nagashima-cho, Japan"
"thesauri/place/Paris, France"
"thesauri/place/Charleston, Illinois, United States"
"thesauri/place/New York, New York, United States"
"thesauri/place/New York, New York, United States"
"thesauri/place/Flint, Michigan, United States"
"thesauri/place/Washington, District of Columbia, United States"
"thesauri/place/Philadelphia, Pennsylvania, United States"
"thesauri/place/Broomsgrove, England"
"thesauri/place/Wellsboro, Pennsylvania, United States"
"thesauri/place/Cleveland, Ohio, United States"
"thesauri/place/Bronxville, New York, United States"
"thesauri/place/Castroville, Texas, United States"
"thesauri/place/Alliance, Ohio, United States"
"thesauri/place/Cleveland, Ohio, United States"
"thesauri/place/Neubrunen, Switzerland"
"thesauri/place/Emden, Germany"
"thesauri/place/Amsterdam, Netherlands"
"thesauri/place/Los Angeles, California, United States"
"thesauri/place/Salem, Oregon, United States"
"thesauri/place/France"
"thesauri/place/Haverhill, Massachusetts, United States"
"thesauri/place/Cairo, Egypt"
"thesauri/place/New York, New York, United States"
"thesauri/place/Ridgefield, Connecticut, United States"
"thesauri/place/Kennebunk, Maine, United States"
"thesauri/place/Omaha, Nebraska, United States"
"thesauri/place/New York, New York, United States"
"thesauri/place/Finleyville, Pennsylvania, United States"
"thesauri/place/New York, New York, United States"
"thesauri/place/Cincinnati, Ohio, United States"
"thesauri/place/Santa Barbara, California, United States"
"thesauri/place/Zante, Greece"
"thesauri/place/United States"
"thesauri/place/Limonest, France"
"thesauri/place/Paris, France"
"thesauri/place/Milwaukee, Wisconsin, United States"
"thesauri/place/Chicago, Illinois, United States"
"thesauri/place/Hutchinson, Kansas, United States"
"thesauri/place/Council Bluffs, Iowa, United States"
"thesauri/place/Paris, France"
"thesauri/place/Philadelphia, Pennsylvania, United States"
"thesauri/place/Vitebsk, Russia"
"thesauri/place/New York, New York, United States"
"thesauri/place/London, England"
"thesauri/place/New York, New York, United States"
"thesauri/place/Carmel, New York, United States"
"thesauri/place/Essex, New York, United States"
"thesauri/place/Evansville, Indiana, United States"
"thesauri/place/Chicago, Illinois, United States"
"thesauri/place/Woods Hole, Massachusetts, United States"
"thesauri/place/London, England"
"thesauri/place/Hyannis, Massachusetts, United States"
"thesauri/place/Boston, Massachusetts, United States"
"thesauri/place/Washington, District of Columbia, United States"
"thesauri/place/Boston, Massachusetts, United States"
"thesauri/place/Manchester, Massachusetts, United States"
"thesauri/place/Westlake, Ohio, United States"
"thesauri/place/Santa Fe, New Mexico, United States"
"thesauri/place/Alton, New York, United States"
"thesauri/place/San Francisco, California, United States"
"thesauri/place/Athens, Ohio, United States"
"thesauri/place/San Miguel, Mexico"
"thesauri/place/New York, New York, United States"
"thesauri/place/Florence, Italy"
"thesauri/place/Boston, Massachusetts, United States"
"thesauri/place/Charlestown, Massachusetts, United States"
"thesauri/place/Montclair, New Jersey, United States"
"thesauri/place/Portland, Oregon, United States"
"thesauri/place/Roanoke, Virginia, United States"
"thesauri/place/Upper Montclair, New Jersey, United States"
"thesauri/place/Newburgh, New York, United States"
"thesauri/place/Pacific Palisades, California, United States"
"thesauri/place/New York, New York, United States"
"thesauri/place/Santa Monica, California, United States"
"thesauri/place/Sausalito, California, United States"
"thesauri/place/Newport Beach, California, United States"
"thesauri/place/Wapiti, Wyoming, United States"
"thesauri/place/New York, New York, United States"
"thesauri/place/Princeton, New Jersey, United States"
"thesauri/place/New Haven, Connecticut, United States"
"thesauri/place/Boston, Massachusetts, United States"
"thesauri/place/St. Andrews, New Brunswick, Canada"
"thesauri/place/Providence, Rhode Island, United States"
"thesauri/place/New York, New York, United States"
"thesauri/place/Luray, Virginia, United States"
"thesauri/place/Luray, Virginia, United States"
"thesauri/place/New York, New York, United States"
"thesauri/place/Galati, Romania"
"thesauri/place/Philadelphia, Pennsylvania, United States"
"thesauri/place/Washington, District of Columbia, United States"
"thesauri/place/London, England"
"thesauri/place/Edinburgh, Scotland"
"thesauri/place/New York, New York, United States"
"thesauri/place/White Plains, New York, United States"
"thesauri/place/New York, New York, United States"
"thesauri/place/Taos, New Mexico, United States"
"thesauri/place/Bisbee, Arizona, United States"
"thesauri/place/Cañon, New Mexico, United States"
"thesauri/place/Tufo, Italy"
"thesauri/place/New York, New York, United States"
"thesauri/place/Chicago, Illinois, United States"
"thesauri/place/Moylan, Pennsylvania, United States"
"thesauri/place/Italy"
"thesauri/place/Pontypool, England"
"thesauri/place/Bath, England"
"thesauri/place/New York, New York, United States"
"thesauri/place/Chicago, Illinois, United States"
"thesauri/place/Paris, France"
"thesauri/place/Bellefonte, Pennsylvania, United States"
"thesauri/place/New York, New York, United States"
"thesauri/place/Charleston, South Carolina, United States"
"thesauri/place/Chicago, Illinois, United States"
"thesauri/place/Coventry, Connecticut, United States"
"thesauri/place/Cedarville, New York, United States"
"thesauri/place/Chicago, Illinois, United States"
"thesauri/place/Bloomington, Indiana, United States"
"thesauri/place/Washington, District of Columbia, United States"
"thesauri/place/New York, New York, United States"
"thesauri/place/Beverly, Massachusetts, United States"
"thesauri/place/Cincinnati, Ohio, United States"
"thesauri/place/Princeton, Massachusetts, United States"
"thesauri/place/Providence, Rhode Island, United States"
"thesauri/place/Washington, District of Columbia, United States"
"thesauri/place/Cincinnati, Ohio, United States"
"thesauri/place/Los Angeles, California, United States"
"thesauri/place/Washington, District of Columbia, United States"
"thesauri/place/Cincinnati, Ohio, United States"
"thesauri/place/Paris, France"
"thesauri/place/Watch Hill, Rhode Island, United States"
"thesauri/place/New York, New York, United States"
"thesauri/place/Dillingen, Germany"
"thesauri/place/New York, New York, United States"
"thesauri/place/Valledolmo, Sicily, Italy"
"thesauri/place/New York, New York, United States"
"thesauri/place/Philadelphia, Pennsylvania, United States"
"thesauri/place/England"
"thesauri/place/United States"
"thesauri/place/Paris, France"
"thesauri/place/Paris, France"
"thesauri/place/New York, New York, United States"
"thesauri/place/Poughkeepsie, New York, United States"
"thesauri/place/Poughkeepsie, New York, United States"
"thesauri/place/New York, New York, United States"
"thesauri/place/Buffalo, New York, United States"
"thesauri/place/Lambertville, New Jersey, United States"
"thesauri/place/Sao Paulo, Brazil"
"thesauri/place/Santa Fe, New Mexico, United States"
"thesauri/place/Washington, Pennsylvania, United States"
"thesauri/place/Boston, Massachusetts, United States"
"thesauri/place/Washington, District of Columbia, United States"
"thesauri/place/Carrigtwohill, Ireland"
"thesauri/place/Detroit, Michigan, United States"
"thesauri/place/Katonah, New York, United States"
"thesauri/place/Colmar, France"
"thesauri/place/Paris, France"
"thesauri/place/Chicago, Illinois, United States"
"thesauri/place/Beverly, Massachusetts, United States"
"thesauri/place/Paris, France"
"thesauri/place/Long Beach, California, United States"
"thesauri/place/New Haven, Connecticut, United States"
"thesauri/place/Paris, France"
"thesauri/place/London, England"
"thesauri/place/Los Angeles, California, United States"
"thesauri/place/Rome, Italy"
"thesauri/place/New York, New York, United States"
"thesauri/place/Oxford, Massachusetts, United States"
"thesauri/place/Claremont, California, United States"
"thesauri/place/Kansas City, Missouri, United States"
"thesauri/place/New York, New York, United States"
"thesauri/place/Paris, France"
"thesauri/place/Paris, France"
"thesauri/place/New York, New York, United States"
"thesauri/place/New York, New York, United States"
"thesauri/place/Los Angeles, California, United States"
"thesauri/place/Monterey, California, United States"
"thesauri/place/Providence, Rhode Island, United States"
"thesauri/place/New York, New York, United States"
"thesauri/place/Raleigh, North Carolina, United States"
"thesauri/place/Devon, England"
"thesauri/place/Leeds, Massachusetts, United States"
"thesauri/place/New Brunswick, New Jersey, United States"
"thesauri/place/New York, New York, United States"
"thesauri/place/Craryville, New York, United States"
"thesauri/place/Nashville, Tennessee, United States"
"thesauri/place/Rouen, France"
"thesauri/place/Chicago, Illinois, United States"
"thesauri/place/Escanaba, Michigan, United States"
"thesauri/place/San Francisco, California, United States"
"thesauri/place/Pittsburgh, Pennsylvania, United States"
"thesauri/place/New York, New York, United States"
"thesauri/place/Sanok, Austria-Hungary"
"thesauri/place/Magdeburg, Germany"
"thesauri/place/Santa Fe, New Mexico, United States"
"thesauri/place/New Jersey, United States"
"thesauri/place/Oakville, Missouri, United States"
"thesauri/place/New York, New York, United States"
"thesauri/place/Portland, Maine, United States"
"thesauri/place/Augusta, Maine, United States"
"thesauri/place/Aspen, Colorado, United States"
"thesauri/place/Germany"
"thesauri/place/Haag, Austria"
"thesauri/place/Montecito, California, United States"
"thesauri/place/Pittsburgh, Pennsylvania, United States"
"thesauri/place/New York, New York, United States"
"thesauri/place/New York, New York, United States"
"thesauri/place/San Francisco, California, United States"
"thesauri/place/Brewster, New York, United States"
"thesauri/place/New York, New York, United States"
"thesauri/place/New York, New York, United States"
"thesauri/place/Oneonta, New York, United States"
"thesauri/place/New York, New York, United States"
"thesauri/place/Richmond, Virginia, United States"
"thesauri/place/Suffolk, England"
"thesauri/place/London, England"
"thesauri/place/Brookfield Center, Connecticut, United States"
"thesauri/place/Ridgefield, Connecticut, United States"
"thesauri/place/Kansas City, Missouri, United States"
"thesauri/place/New York, New York, United States"
"thesauri/place/Geneseo, New York, United States"
"thesauri/place/Detroit, Michigan, United States"
"thesauri/place/Buffalo, New York, United States"
"thesauri/place/Painesville, Ohio, United States"
"thesauri/place/New York, New York, United States"
"thesauri/place/St. Martin"
"thesauri/place/Charlotte, North Carolina, United States"
"thesauri/place/New York, New York, United States"
"thesauri/place/Oakland, California, United States"
"thesauri/place/Los Angeles, California, United States"
"thesauri/place/Pittsburgh, Pennsylvania, United States"
"thesauri/place/Clifton Springs, New York, United States"
"thesauri/place/Denver, Colorado, United States"
"thesauri/place/New York, New York, United States"
"thesauri/place/Philadelphia, Pennsylvania, United States"
"thesauri/place/Gloucester, Massachusetts, United States"
"thesauri/place/Stamford, Connecticut, United States"
"thesauri/place/Philadelphia, Pennsylvania, United States"
"thesauri/place/New York, New York, United States"
"thesauri/place/Chicago, Illinois, United States"
"thesauri/place/New York, New York, United States"
"thesauri/place/Millbrook, New York, United States"
"thesauri/place/Dayton, Ohio, United States"
"thesauri/place/Milwaukee, Wisconsin, United States"
"thesauri/place/Oakland, California, United States"
"thesauri/place/New York, New York, United States"
"thesauri/place/Grand Rapids, Michigan, United States"
"thesauri/place/New York, New York, United States"
"thesauri/place/Scituate, Massachusetts, United States"
"thesauri/place/St. Charles, Missouri, United States"
"thesauri/place/La Jolla, California, United States"
"thesauri/place/Hannibal, Missouri, United States"
"thesauri/place/New York, New York, United States"
"thesauri/place/Philadelphia, Pennsylvania, United States"
"thesauri/place/Burford, England"
"thesauri/place/London, England"
"thesauri/place/Detroit, Michigan, United States"
"thesauri/place/Toronto, Ontario, Canada"
"thesauri/place/North Olmstead, Ohio, United States"
"thesauri/place/Claremont, California, United States"
"thesauri/place/New York, New York, United States"
"thesauri/place/Salem, Virginia, United States"
"thesauri/place/Corinth, Mississippi, United States"
"thesauri/place/Vilna, Russia"
"thesauri/place/Chicago, Illinois, United States"
"thesauri/place/Mexico City, Mexico"
"thesauri/place/New York, New York, United States"
"thesauri/place/Calgary, Alberta, Canada"
"thesauri/place/Ward, Massachusetts, United States"
"thesauri/place/Weathersfield, Vermont, United States"
"thesauri/place/New York, New York, United States"
"thesauri/place/Newton Falls, Ohio, United States"
"thesauri/place/Cashiers, North Carolina, United States"
"thesauri/place/Tiffin, Ohio, United States"
"thesauri/place/Englewood, New Jersey, United States"
"thesauri/place/London, England"
"thesauri/place/California, United States"
"thesauri/place/Taos, New Mexico, United States"
"thesauri/place/Chicago, Illinois, United States"
"thesauri/place/London, England"
"thesauri/place/London, England"
"thesauri/place/Columbus, Ohio, United States"
"thesauri/place/New York, New York, United States"
"thesauri/place/Kaunas, Russia"
"thesauri/place/New York, New York, United States"
"thesauri/place/Closter, New Jersey, United States"
"thesauri/place/London, England"
"thesauri/place/Utrecht, Netherlands"
"thesauri/place/Wöhrd, Germany"
"thesauri/place/Charleston, South Carolina, United States"
"thesauri/place/Norfolk, Virginia, United States"
"thesauri/place/Philadelphia, Pennsylvania, United States"
"thesauri/place/Czechoslovakia"
"thesauri/place/Philadelphia, Pennsylvania, United States"
"thesauri/place/Pittsburgh, Pennsylvania, United States"
"thesauri/place/Pennsylvania, United States"
"thesauri/place/New York, New York, United States"
"thesauri/place/Westwood, New Jersey, United States"
"thesauri/place/New York, New York, United States"
"thesauri/place/New York, New York, United States"
"thesauri/place/Lake Charles, Louisiana, United States"
"thesauri/place/Oslo, Norway"
"thesauri/place/Evanston, Illinois, United States"
"thesauri/place/New York, New York, United States"
"thesauri/place/Mulhouse, France"
"thesauri/place/Philadelphia, Pennsylvania, United States"
"thesauri/place/Charleston, South Carolina, United States"
"thesauri/place/Chillicothe, Ohio, United States"
"thesauri/place/Chicago, Illinois, United States"
"thesauri/place/Marion, Indiana, United States"
"thesauri/place/London, England"
"thesauri/place/New York, United States"
"thesauri/place/Philadelphia, Pennsylvania, United States"
"thesauri/place/Philadelphia, Pennsylvania, United States"
"thesauri/place/Pennsylvania, United States"
"thesauri/place/Salem, Massachusetts, United States"
"thesauri/place/Salem, Massachusetts, United States"
"thesauri/place/Maine, United States"
"thesauri/place/Philadelphia, Pennsylvania, United States"
"thesauri/place/Newport, Rhode Island, United States"
"thesauri/place/London, England"
"thesauri/place/London, England"
"thesauri/place/Woodstock, New York, United States"
"thesauri/place/Paterson, New Jersey, United States"
"thesauri/place/New York, New York, United States"
"thesauri/place/Neosho, Missouri, United States"
"thesauri/place/Kansas City, Missouri, United States"
"thesauri/place/Oak Park, Illinois, United States"
"thesauri/place/Stary Constantin, Russia"
"thesauri/place/New York, New York, United States"
"thesauri/place/Frackville, Pennsylvania, United States"
"thesauri/place/Smithtown, New York, United States"
"thesauri/place/Chicago, Illinois, United States"
"thesauri/place/Los Angeles, California, United States"
"thesauri/place/Santa Barbara, California, United States"
"thesauri/place/Berlin, Germany"
"thesauri/place/New York, New York, United States"
"thesauri/place/Chicago, Illinois, United States"
"thesauri/place/Haarlem, Netherlands"
"thesauri/place/Amsterdam, Netherlands"
"thesauri/place/Chicago, Illinois, United States"
"thesauri/place/Philadelphia, Pennsylvania, United States"
"thesauri/place/Washington, District of Columbia, United States"
"thesauri/place/Paris, France"
"thesauri/place/California, United States"
"thesauri/place/St. Petersburg, Russia"
"thesauri/place/Rome, Italy"
"thesauri/place/New York, New York, United States"
"thesauri/place/East Nassau, New York, United States"
"thesauri/place/Russia"
"thesauri/place/United States"
"thesauri/place/New York, New York, United States"
"thesauri/place/Provincetown, Massachusetts, United States"
"thesauri/place/New York, New York, United States"
"thesauri/place/Washington, District of Columbia, United States"
"thesauri/place/Phoenix, Arizona, United States"
"thesauri/place/Oakton, Virginia, United States"
"thesauri/place/Havana, Cuba"
"thesauri/place/Vienne, France"
"thesauri/place/St. Louis, Missouri, United States"
"thesauri/place/Taos, New Mexico, United States"
"thesauri/place/North Carolina, United States"
"thesauri/place/Ginneken, Netherlands"
"thesauri/place/Detroit, Michigan, United States"
"thesauri/place/New York, New York, United States"
"thesauri/place/East Gloucester, Massachusetts, United States"
"thesauri/place/Philadelphia, Pennsylvania, United States"
"thesauri/place/Burnsville, North Carolina, United States"
"thesauri/place/Newark, New Jersey, United States"
"thesauri/place/Clinton, Maryland, United States"
"thesauri/place/Point Pleasant, New Jersey, United States"
"thesauri/place/Versailles, Kentucky, United States"
"thesauri/place/Washington, District of Columbia, United States"
"thesauri/place/Bloomfield Hills, Michigan, United States"
"thesauri/place/San Lorenzo, Italy"
"thesauri/place/Barto, Pennsylvania, United States"
"thesauri/place/Paris, France"
"thesauri/place/Paris, France"
"thesauri/place/New York, New York, United States"
"thesauri/place/Nitra, Czechoslovakia"
"thesauri/place/St. Louis, Missouri, United States"
"thesauri/place/Jerusalem, Israel"
"thesauri/place/Harat, Afghanistan"
"thesauri/place/New York, New York, United States"
"thesauri/place/Paris, France"
"thesauri/place/Poland"
"thesauri/place/Biala, Russia"
"thesauri/place/Boston, Massachusetts, United States"
"thesauri/place/Turner, Maine, United States"
"thesauri/place/Malden, Massachusetts, United States"
"thesauri/place/Old Lyme, Connecticut, United States"
"thesauri/place/Augusta, Maine, United States"
"thesauri/place/Essex, Connecticut, United States"
"thesauri/place/Winchester, Massachusetts, United States"
"thesauri/place/Boston, Massachusetts, United States"
"thesauri/place/Provincetown, Massachusetts, United States"
"thesauri/place/Toulouse, France"
"thesauri/place/Buhl, Germany"
"thesauri/place/Philadelphia, Pennsylvania, United States"
"thesauri/place/Croton-on-Hudson, New York, United States"
"thesauri/place/Youngstown, Ohio, United States"
"thesauri/place/New York, New York, United States"
"thesauri/place/New York, New York, United States"
"thesauri/place/France"
"thesauri/place/Vienna, Austria"
"thesauri/place/Nashville, Tennessee, United States"
"thesauri/place/New York, New York, United States"
"thesauri/place/Russia"
"thesauri/place/New York, United States"
"thesauri/place/Milwaukee, Wisconsin, United States"
"thesauri/place/New York, New York, United States"
"thesauri/place/Naumberg, Germany"
"thesauri/place/Buffalo, New York, United States"
"thesauri/place/California, United States"
"thesauri/place/Irvington, New York, United States"
"thesauri/place/Solingen, Germany"
"thesauri/place/New York, New York, United States"
"thesauri/place/Karlsruhe, Germany"
"thesauri/place/DeLand, Florida, United States"
"thesauri/place/Miami, Florida, United States"
"thesauri/place/Gastonia, North Carolina, United States"
"thesauri/place/New York, New York, United States"
"thesauri/place/Elliston, Virginia, United States"
"thesauri/place/Roanoke, Virginia, United States"
"thesauri/place/New York, New York, United States"
"thesauri/place/New York, New York, United States"
"thesauri/place/Salt Lake City, Utah, United States"
"thesauri/place/Santa Cruz, California, United States"
"thesauri/place/Eschwege, Germany"
"thesauri/place/New York, New York, United States"
"thesauri/place/Vienna, Austria"
"thesauri/place/Austria"
"thesauri/place/Haiti"
"thesauri/place/France"
"thesauri/place/New York, New York, United States"
"thesauri/place/Bristol, Pennsylvania, United States"
"thesauri/place/Warwickshire, England"
"thesauri/place/Philadelphia, Pennsylvania, United States"
"thesauri/place/Auckland, New Zealand"
"thesauri/place/Leonia, New Jersey, United States"
"thesauri/place/Newark, New Jersey, United States"
"thesauri/place/Berkeley, California, United States"
"thesauri/place/Berkeley, California, United States"
"thesauri/place/Rome, Italy"
"thesauri/place/Rome, Italy"
"thesauri/place/Philadelphia, Pennsylvania, United States"
"thesauri/place/Smithsburg, Maryland, United States"
"thesauri/place/Cincinnati, Ohio, United States"
"thesauri/place/New York, New York, United States"
"thesauri/place/Rochester, New York, United States"
"thesauri/place/San Francisco, California, United States"
"thesauri/place/Palo Alto, California, United States"
"thesauri/place/Philadelphia, Pennsylvania, United States"
"thesauri/place/Syracuse, New York, United States"
"thesauri/place/New Preston, Connecticut, United States"
"thesauri/place/Mount Vernon, New York, United States"
"thesauri/place/Nadlac?, Hungary"
"thesauri/place/Taos, New Mexico, United States"
"thesauri/place/Vienna, Austria"
"thesauri/place/New York, New York, United States"
"thesauri/place/New York, New York, United States"
"thesauri/place/Cambridge, New York, United States"
"thesauri/place/New York, New York, United States"
"thesauri/place/Taos, New Mexico, United States"
"thesauri/place/Viola, Wisconsin, United States"
"thesauri/place/Chicago, Illinois, United States"
"thesauri/place/Taos, New Mexico, United States"
"thesauri/place/Philadelphia, Pennsylvania, United States"
"thesauri/place/Philadelphia, Pennsylvania, United States"
"thesauri/place/New Hartford, New York, United States"
"thesauri/place/New York, New York, United States"
"thesauri/place/Vancouver, British Columbia, Canada"
"thesauri/place/New York, New York, United States"
"thesauri/place/Los Angeles, California, United States"
"thesauri/place/McAllister, Oklahoma, United States"
"thesauri/place/New York, New York, United States"
"thesauri/place/Elizabethtown, New York, United States"
"thesauri/place/Woodstock, New York, United States"
"thesauri/place/Mantorville, Minnesota, United States"
"thesauri/place/Kingston, New York, United States"
"thesauri/place/Woodstock, New York, United States"
"thesauri/place/Hawley, Minnesota, United States"
"thesauri/place/Kingston, New York, United States"
"thesauri/place/New York, New York, United States"
"thesauri/place/New York, New York, United States"
"thesauri/place/Bern, Switzerland"
"thesauri/place/Munich, Germany"
"thesauri/place/St. Louis, Missouri, United States"
"thesauri/place/Lawrence, Kansas, United States"
"thesauri/place/Kehl, Germany"
"thesauri/place/Philadelphia, Pennsylvania, United States"
"thesauri/place/Cleveland, Ohio, United States"
"thesauri/place/Stowe, Vermont, United States"
"thesauri/place/Baltimore, Maryland, United States"
"thesauri/place/Nashua, New Hampshire, United States"
"thesauri/place/Boston, Massachusetts, United States"
"thesauri/place/Brunoviski, Latvia"
"thesauri/place/DeWitt, Iowa, United States"
"thesauri/place/Columbia, South Carolina, United States"
"thesauri/place/Chicago, Illinois, United States"
"thesauri/place/New York, New York, United States"
"thesauri/place/Chicago, Illinois, United States"
"thesauri/place/Poughkeepsie, New York, United States"
"thesauri/place/Cincinnati, Ohio, United States"
"thesauri/place/New York, New York, United States"
"thesauri/place/Smorgon, Russia"
"thesauri/place/New Milford, Connecticut, United States"
"thesauri/place/Taos, New Mexico, United States"
"thesauri/place/Pittsburgh, Pennsylvania, United States"
"thesauri/place/Albuquerque, New Mexico, United States"
"thesauri/place/Middletown, New York, United States"
"thesauri/place/Mainz, Germany"
"thesauri/place/Essen, Germany"
"thesauri/place/Salem, Massachusetts, United States"
"thesauri/place/East Liverpool, Ohio, United States"
"thesauri/place/Pittsburgh, Pennsylvania, United States"
"thesauri/place/New York, New York, United States"
"thesauri/place/St. Paul, Minnesota, United States"
"thesauri/place/New Ulm, Minnesota, United States"
"thesauri/place/Leechburg, Pennsylvania, United States"
"thesauri/place/Syria"
"thesauri/place/Kittanning, Pennsylvania, United States"
"thesauri/place/Glen Echo, Maryland, United States"
"thesauri/place/New York, New York, United States"
"thesauri/place/New York, New York, United States"
"thesauri/place/England"
"thesauri/place/New York, New York, United States"
"thesauri/place/Columbus, Ohio, United States"
"thesauri/place/Ava, Ohio, United States"
"thesauri/place/Hyannis, Massachusetts, United States"
"thesauri/place/New York, New York, United States"
"thesauri/place/New York, New York, United States"
"thesauri/place/Pasadena, California, United States"
"thesauri/place/Istanbul, Turkey"
"thesauri/place/United States"
"thesauri/place/New York, New York, United States"
"thesauri/place/Chicago, Illinois, United States"
"thesauri/place/Scottsdale, Arizona, United States"
"thesauri/place/Columbus, Wisconsin, United States"
"thesauri/place/Cleveland, Ohio, United States"
"thesauri/place/Provincetown, Massachusetts, United States"
"thesauri/place/Chicago, Illinois, United States"
"thesauri/place/Madison, Wisconsin, United States"
"thesauri/place/Dordrecht, Netherlands"
"thesauri/place/Amsterdam, Netherlands"
"thesauri/place/Philadelphia, Pennsylvania, United States"
"thesauri/place/Meyersdale, Pennsylvania, United States"
"thesauri/place/St. Petersburg, Russia"
"thesauri/place/New York, New York, United States"
"thesauri/place/New York, New York, United States"
"thesauri/place/Columbia, South Carolina, United States"
"thesauri/place/New York, New York, United States"
"thesauri/place/Pottsville, Pennsylvania, United States"
"thesauri/place/Italy"
"thesauri/place/New York, United States"
"thesauri/place/Ann Arbor, Michigan, United States"
"thesauri/place/Napoleon, Ohio, United States"
"thesauri/place/Mikado, Michigan, United States"
"thesauri/place/Bayonne, France"
"thesauri/place/Monchy-St-Eloi, France"
"thesauri/place/New York, New York, United States"
"thesauri/place/Shelbyville, Illinois, United States"
"thesauri/place/Paris, France"
"thesauri/place/New York, United States"
"thesauri/place/Providence, Rhode Island, United States"
"thesauri/place/Philadelphia, Pennsylvania, United States"
"thesauri/place/Odessa, Russia"
"thesauri/place/San Leandro, California, United States"
"thesauri/place/Santa Barbara, California, United States"
"thesauri/place/Princeton, New Jersey, United States"
"thesauri/place/New York, New York, United States"
"thesauri/place/Grinstad, Sweden"
"thesauri/place/New York, New York, United States"
"thesauri/place/Bear Lake, Idaho, United States"
"thesauri/place/Chicago, Illinois, United States"
"thesauri/place/Ogden, Utah, United States"
"thesauri/place/Stamford, Connecticut, United States"
"thesauri/place/Nyack, New York, United States"
"thesauri/place/Rypin, Poland"
"thesauri/place/New York, New York, United States"
"thesauri/place/Madras, India"
"thesauri/place/Tours, France"
"thesauri/place/Paris, France"
"thesauri/place/Elgin, Illinois, United States"
"thesauri/place/Leeuwarden, Netherlands"
"thesauri/place/Santa Paula, California, United States"
"thesauri/place/London, England"
"thesauri/place/Dijon, France"
"thesauri/place/Paris, France"
"thesauri/place/New York, New York, United States"
"thesauri/place/Pittsfield, Massachusetts, United States"
"thesauri/place/Paris, France"
"thesauri/place/Paris, France"
"thesauri/place/Geneva, Switzerland"
"thesauri/place/Chillicothe, Ohio, United States"
"thesauri/place/St. Louis, Missouri, United States"
"thesauri/place/Charleston, South Carolina, United States"
"thesauri/place/Charleston, South Carolina, United States"
"thesauri/place/Gonzales, Louisiana, United States"
"thesauri/place/New York, New York, United States"
"thesauri/place/Paris, France"
"thesauri/place/Boston, Massachusetts, United States"
"thesauri/place/Boston, Massachusetts, United States"
"thesauri/place/Los Angeles, California, United States"
"thesauri/place/Sausalito, California, United States"
"thesauri/place/New York, New York, United States"
"thesauri/place/Philadelphia, Pennsylvania, United States"
"thesauri/place/England"
"thesauri/place/United States"
"thesauri/place/Philadelphia, Pennsylvania, United States"
"thesauri/place/Syracuse, New York, United States"
"thesauri/place/Doylestown, Pennsylvania, United States"
"thesauri/place/Philadelphia, Pennsylvania, United States"
"thesauri/place/Portland, Oregon, United States"
"thesauri/place/Westport, Connecticut, United States"
"thesauri/place/Camden, New Jersey, United States"
"thesauri/place/Norwalk, Connecticut, United States"
"thesauri/place/Defiance, Ohio, United States"
"thesauri/place/Paris, France"
"thesauri/place/Krakow, Poland"
"thesauri/place/New York, New York, United States"
"thesauri/place/Noank, Connecticut, United States"
"thesauri/place/Odessa, Russia"
"thesauri/place/New London, Connecticut, United States"
"thesauri/place/New York, New York, United States"
"thesauri/place/Appleton, Wisconsin, United States"
"thesauri/place/Fairhaven, Massachusetts, United States"
"thesauri/place/New York, New York, United States"
"thesauri/place/Santa Fe, New Mexico, United States"
"thesauri/place/Eureka, California, United States"
"thesauri/place/Short Hills, New Jersey, United States"
"thesauri/place/Boston, Massachusetts, United States"
"thesauri/place/La Jolla, California, United States"
"thesauri/place/Trenton, New Jersey, United States"
"thesauri/place/San Francisco, California, United States"
"thesauri/place/Illinois, United States"
"thesauri/place/Corona Del Mar, California, United States"
"thesauri/place/San Diego, California, United States"
"thesauri/place/New York, New York, United States"
"thesauri/place/Water Mill, New York, United States"
"thesauri/place/Greensboro, North Carolina, United States"
"thesauri/place/Greenville, South Carolina, United States"
"thesauri/place/Spokane, Washington, United States"
"thesauri/place/Seattle, Washington, United States"
"thesauri/place/Deventer, Netherlands"
"thesauri/place/Amsterdam, Netherlands"
"thesauri/place/Pittsburgh, Pennsylvania, United States"
"thesauri/place/Newton, New Jersey, United States"
"thesauri/place/Paris, France"
"thesauri/place/New York, United States"
"thesauri/place/Detroit, Michigan, United States"
"thesauri/place/Chicago, Illinois, United States"
"thesauri/place/Scarsdale, New York, United States"
"thesauri/place/Vitebsk, Russia"
"thesauri/place/Los Angeles, California, United States"
"thesauri/place/Munich, Germany"
"thesauri/place/Beverly Hills, California, United States"
"thesauri/place/Michigan, United States"
"thesauri/place/Paris, France"
"thesauri/place/Paris, France"
"thesauri/place/New York, New York, United States"
"thesauri/place/Paris, France"
"thesauri/place/Shavli, Lithuania"
"thesauri/place/United States"
"thesauri/place/New York, New York, United States"
"thesauri/place/Munich, Germany"
"thesauri/place/Neuilly, France"
"thesauri/place/Germany"
"thesauri/place/Pecs, Hungary"
"thesauri/place/Buffalo, New York, United States"
"thesauri/place/Pittsburgh, Pennsylvania, United States"
"thesauri/place/High Forest, Minnesota, United States"
"thesauri/place/St. Paul, Minnesota, United States"
